{
  "project_info": {
    "project_number": "379287891298",
    "project_id": "test-609e8",
    "storage_bucket": "test-609e8.appspot.com"
  },
  "client": [
    {
      "client_info": {
        "mobilesdk_app_id": "1:379287891298:android:c9c14b8acc93155d5a503b",
        "android_client_info": {
          "package_name": "com.ad.statussaver"
        }
      },
      "oauth_client": [
        {
          "client_id": "379287891298-kjkkb2cq17cpe8vstcjkank7kiq8oogt.apps.googleusercontent.com",
          "client_type": 3
        }
      ],
      "api_key": [
        {
          "current_key": "AIzaSyBLmR6ofmZyv6NVfc5CADK97IBAB8uZQMM"
        }
      ],
      "services": {
        "appinvite_service": {
          "other_platform_oauth_client": [
            {
              "client_id": "379287891298-kjkkb2cq17cpe8vstcjkank7kiq8oogt.apps.googleusercontent.com",
              "client_type": 3
            }
          ]
        }
      }
    }
  ],
  "configuration_version": "1"
}